{
  "statsP_T": 2.0529837608337402,
  "statsH_T": 0.9876019954681396,
  "scout_T": 1.9498436450958252
}