{
  "statsP_T": 1.6649038791656494,
  "statsH_T": 1.4535590410232544,
  "scout_T": 2.8240575790405273
}