{
  "statsP_T": 1.6657809019088745,
  "statsH_T": 1.0801472663879395,
  "scout_T": 1.7144478559494019
}